   2 15
   1 18
   1 18e
   5 2014
   4 55
   1 67P/Churyumov–Gerasimenko
   2 :
   3 A7
   1 AURA
   4 Abou
   4 Abu
   1 Aceh
   3 Açores
   2 Aden
   1 Adétikopé
   1 Adıyaman
   2 Afrin
  15 Afrique
   1 Agbegnenou
   1 Agen
   1 Agnat
   1 Aix
   1 Aix-en-Diois
   8 Aix-les-Bains
   3 Ajaccio
   1 Al-Anbar
   1 Al-Asriya
   1 Al-Bab
   1 Al-Bateen
   1 Al-Chaab
   5 Alaska
   5 Albanie
   1 Albens
   2 Alberta
  15 Alep
   2 Alexandrie
   2 Alger
  13 Algérie
  39 Allemagne
   1 Alpes
   2 Alpes-Maritimes
   1 Alta
   1 Amatrice
   6 Amérique
   1 Amériques
   1 Amirabad
   2 Andorre
   1 Angers
   7 Angleterre
   9 Ankara
   1 Annecy
   2 Aoste
   2 Arabie
   1 Arcachon
   1 Arctique
   1 Ardennes
   1 Arequipa
   2 Argentine
   1 Ariège
   1 Arizona
   3 Arménie
   1 Arpajon-sur-Cère
   2 Arusha
   2 Asie
   1 Assam
   2 Athènes
   2 Atlanta
   3 Atlantique
   3 Aubervilliers
   2 Aubisque
   2 Aurès
   4 Auschwitz
  14 Australie
   1 Australie-Méridonale
   1 Australie-Occidentale
   5 Autriche
   1 Auvergne
   3 Auvergne-Rhône-Alpes
   1 Auxerre
   5 Avignon
   3 Avilés
   1 Ayas
   1 Aymavilles
   1 BL
   1 Babar
   1 Bad
   6 Bagdad
   2 Bagnères-de-Luchon
   1 Bahreïn
   2 Balajan
   1 Baloutchistan
   3 Barcelone
   2 Batley
   2 Batna
   1 Bâton-Rouge
   2 Baudreix
   1 Bavière
   1 Beatles
   1 Beipan
   1 Beipanjiang
  15 Belgique
   1 Belo
   3 Bénin
   2 Bénou
   3 Bercy
   1 Berkeley
  11 Berlin
   1 Besiktas
   1 Bethel
   1 Beyrouth
   1 Biélorussie
   1 Big
   2 Birstall
   3 Biskra
   1 Blonia
   2 Bobigny
   1 Bodoland
   4 Bolivie
   1 Bonnefamille
   1 Bonneuil-sur-Marne
   2 Borås
  13 Bordeaux
   1 Bosnie-Herzégovine
   1 Botanická
   3 Bouches-du-Rhône
   1 Boulogne-Billancourt
   2 Bourg-Saint-Andéol
   4 Bourget
   1 Bouthan
   2 Bramans
  25 Brésil
   3 Bretagne
   1 Brivadois
   2 Bron
   1 Brownsea
  11 Bruxelles
   1 Brzegi
   1 Bubjumbura
   1 Buenos
  20 Bujumbura
   1 Bulgarie
   1 Burkina
 130 Burundi
   1 Caire
   2 Cairns
   1 Calcutta
   1 Calgary
   2 Californie
   1 Cameroun
  37 Canada
   1 Cannes
   1 Cantal
   1 Canterbury
   1 Cap
   1 Caraïbes
   2 Carcassonne
   2 Carioca
   1 Caroline
   1 Casablanca
   1 Catalogne
   2 Caverne
   1 Centre-Val
   4 Cesson
   1 Cessons
   1 Cezais
   2 Chabrières
   2 Chalet
   1 Châlons-en-Champagne
   1 Chalvet
   2 Cham
   1 Chamaloc
   9 Chambéry
   2 Chambésy
   2 Champoluc
   1 Charente-Maritime
   1 Charvensod
   2 Chechar
   2 Cherbourg-en-Cotentin
   1 Chester
   3 Chicago
   1 Chifeng
   2 Chili
   1 China
  31 Chine
   1 Chistochina
   1 Chitral
   1 Choisel
   2 Chypre
   1 Cidade
   1 Ciudadanos
   1 Cizre
   1 Claps
   1 Cleveland
   2 Col
   7 Colombie
   1 Concarneau
   1 Congo
   1 Copacabana
  18 Corée
   1 Corrèze
   2 Corse
   1 Corse-du-Sud
   1 Corsuet
   1 Côte-d'Or
   1 Côtes-d'Armor
   5 Cozumel
   5 Cracovie
   1 Crète
   6 Créteil
   4 Croatie
   1 Croydon
   1 Cuba
   1 Daesch
   1 Dakar
   2 Dalzell
   2 Damas
   2 Danemark
   1 Darmstadt
   2 Deauville
   5 Deir
   1 Dénés
   1 Dent
   1 Deodoro
   2 Die
   1 Dijon
   1 Diyarbakır
   1 Doha
   1 Dol-de-Bretagne
  10 Donbass
   1 Donetsk
   6 Doubs
   5 Drôme
   1 Dubai
   4 Dubaï
   1 Duke
   9 Dunkerque
   1 Durham
   1 Eagle
   1 Écosse
   5 Edmonton
   1 Égypte
   1 El
   5 Elysée
   5 Élysée
   1 Embrun
   1 Émirats
   1 Endeavour
   2 Entrelacs
   2 Escaldes-Engordany
  27 Espagne
   1 Essonne
   2 Estonie
   2 Etats-Unis
  76 États-Unis
   4 Euphrate
   1 Eure
   1 Eure-et-Loir
  24 Europe
   1 Évry
   1 Faial
   1 Fairbanks
   1 Falloujah
   1 Farreyrolles
   1 Finistère
   1 Finlande
  13 Floride
   4 Fort
   1 Fos-sur-Mer
   1 Foua
 247 France
   4 Francfort
   1 Furiana
   3 Gabon
   1 Gakona
   3 Galles
   2 Genève
   2 Géorgie
   2 Gironde
   3 Gitega
   3 Glennallen
   3 Gold
   1 Golfe
   1 Goutte-d'Or
   1 Goyet
   1 Graciosa
   4 Grand
   1 Grand-Quevilly
   1 Grande
   1 Grande-Ile
   1 Granville
   1 Gravelines
   2 Grèce
   5 Grenoble
   1 Gressan
   2 Groenland
   1 Grouard-McLennan
   3 Guadeloupe
   1 Guargualé
   1 Guillain-Barré
   3 Guinée
   1 Gujan-Mestras
   1 Gulshan-e-Iqbal
   1 Guven
   2 Guyane
   1 Haïti
   1 Hama
   3 Hambourg
   1 Hamilton
   1 Hanford
   1 Harper
   1 Hassaké
   1 Haute-Garonne
   5 Haute-Loire
   2 Haute-Marne
   1 Hautes-Pyrénées
   2 Hauts-de-Seine
   1 Havelian
   7 Hawaï
   1 Hawaii
   1 Hawi
   4 Hearst
   1 Heilongjiang
   1 Helsinki
   4 Hérault
   1 Heria
   1 Hertfordshire
   3 Hilla
   1 Hiroshima
   1 Hong
   4 Hongrie
   1 Houston
   1 Hyères
   1 Ile-de-France
   4 Île-de-France
   2 Île-du-Prince-Édouard
   3 Îles-de-la-Madeleine
   1 Ilizi
  13 Inde
   1 Independence
   1 Indiana
   3 Indonésie
  15 Irak
  12 Iran
   1 Irib
  10 Irlande
   5 Isère
   2 Iskandariya
   1 Islamabad
   4 Islande
   1 Isle
   1 Isle-Jourdain
   1 Isle-sur-la-Sorgue
   1 Israël
   1 Issy-les-Moulineaux
  10 Istanbul
  34 Italie
   1 Ithriyah
   3 Ivry-sur-Seine
   2 Izoard
   1 Jacques-Bonsergent
   2 Jakarta
  10 Japon
   1 Jarablus
   2 Jerablus
  17 Jupiter
   4 Jura
   4 KSN
   1 Kalamazoo
   1 Kalkar
   1 Kanaky
   1 Kanpur
   1 Kaohsiung
   1 Karada
   1 Kayanza
   2 Kayseri
   1 Keewatin-Le
   1 Kefraya
   1 Kenya
   4 Khenchela
   1 Khyber
   1 Kilju
   3 Knik
   1 Knudsen
   1 Komenského
   4 Kona
   4 Kosovo
   1 Kourou
   2 Koweit
   1 Koweït
   2 Košice
   2 Kumamoto
   2 Kumla
   2 Kurdistan
   1 Kyoto
   9 La
   2 Lahore
   1 Lake
   1 Languedoc-Roussillon
   2 Languedoc-Roussillon-Midi-Pyrénées
   1 Lanneray
   2 Laredo
   1 Larnaca
   2 Las
   1 Lattaquié
   1 Lausanne
   4 Le
   3 Leeds
   4 Lens
   1 Les
   1 Liban
   1 Libéria
   2 Libreville
   5 Libye
   2 Lille
   1 Lillehamme
   2 Lillehammer
   1 Lima
   4 Limoges
   1 Liupanshui
   1 Livingston
   2 Loir-et-Cher
   1 Loire
   2 Loiret
   1 Lomé
  17 Londres
   1 Lons-le-Saunier
   1 Lorient
   5 Los
   1 Lougansk
   1 Louise
   2 Louisiane
   1 Louvre
   3 Lune
   8 Lyon
   1 L’Iran
   1 Maât
   1 Macédoine
   1 Machhad
   1 Macka
   4 Madagascar
   1 Maelbeek
   2 Maghreb
   4 Magnanville
   1 Malte
   1 Manbij
   1 Manchester
   1 Manitoba
   2 Mantes-la-Jolie
   1 Mar-a-Lago
   1 Maracana
   1 Maracanã
   1 Maragua
   1 Marathon
   1 Marne
   4 Maroc
   1 Marrakech
  20 Mars
  12 Marseille
   1 Martinique
   1 Mascognaz
   2 Mashhad
   2 Maui
   1 Mauna
   1 Mayotte
   1 Medellin
   8 Méditerranée
   1 Melbourne
   1 Mendeltna
   1 Ménez
   2 Mer
   1 Mercedes
   2 Mercure
   1 Meureudu
   1 Meurthe-et-Moselle
   1 Meuse
   9 Mexique
   1 Meyrin
   1 Miami
   4 Michigan
   1 Midi-Pyrénées
   3 Milan
   1 Minnesotta
   9 Minsk
   1 Modane
   2 Mogadiscio
   1 Moldavie
   1 Moldavská
   1 Monaco
   1 Mongolie-Intérieure
   1 Mont
   2 Mont-Émilius
   1 Mont-Saint-Michel
   1 Montauban
   1 Montbenoît
   3 Montcel
   1 Montélimar
   3 Monténégro
  36 Montpellier
   2 Montreal
  17 Montréal
   4 Montrouge
   1 Mooloolaba
   4 Moosonee
   5 Moscou
   1 Moselle
  11 Mossoul
   1 Moyen-Orient
   1 Munich
   1 Mureaux
   1 Musaga
   1 Mutakura
   1 Nancy
  11 Nantes
   1 Nemours
   1 Népal
   2 Neptune
   1 Neuilly-sur-Seine
   1 Neuville-sur-Saône
   1 Nevada
  14 New
   1 New-York
  26 Nice
   1 Niçois
   1 Niger
   3 Nigeria
   4 Nîmes
   2 Nord
   1 Nord-Katanga
   6 Normandie
   1 Norris
   1 Norsup
   2 Norvège
   3 Nouméa
   4 Nouvelle-Calédonie
   1 Nouvelle-Zélande
   3 Nouville
   4 Nus
   1 Oakland
   2 Occident
   4 Occitanie
   1 Oklahoma
   2 Oradour-sur-Glane
   1 Orange
   2 Ordino-Arcalis
   1 Oregon
   5 Orlando
   1 Orne
   1 Orsay
   1 Ouagadougou
   3 Oued
   1 Ourahmoune
   2 Ouzbékistan
   1 Oxford
   5 Pacifique
   7 Pakistan
   1 Pallon
   8 Palmyre
   1 Pampa
   1 Panama
   3 Pâques
   1 Parc
  82 Paris
   1 Parkes
   1 Pasadena
   1 Passage
   1 Patna
   2 Pau
   1 Payolle
   2 Pays
   5 Pays-Bas
   1 Pays-d'Aix
   6 Pékin
   3 Pennsylvanie
   2 Pérou
   2 Philadelphie
   5 Philippines
   1 Pico
  10 Pila
   1 Place
   1 Plaissan
   1 Plouër-sur-Rance
   1 Pluton
   2 Plymouth
  10 Pologne
   1 Pontal
   1 Pontarlier
   1 Port
   1 Portland
   1 Porto
   1 Porto-Novo
   1 Portsmouth
  10 Portugal
   1 Prague
   1 Promenade
   1 Provence-Alpes-Côte
   1 Punjab
   1 Puy-en-Velay
   3 Pyongyang
  11 Pyrénées
   1 Pyrénées-Atlantiques
   1 Qal'at
   2 Qatar
   1 Qitaihe
  14 Québec
   4 RDC
   3 Racca
   1 Raleigh
   1 Ramadi
  17 Raqqa
   1 Red
   2 Reggio
   3 Reims
   5 Rennes
  13 République
   1 Reuleuet
   2 Revel
   1 Rhône-Alpes
 111 Rio
   1 Rionegro
   1 Rochefort
   1 Rodez
   2 Roissy
   1 Roman
  14 Rome
   1 Romorantin
   2 Rostov
   3 Rostov-sur-le-Don
   2 Rotterdam
   6 Rouen
   1 Rougemont
   6 Roumanie
  23 Royaume-Uni
   2 Rue
  41 Russie
   5 Rwanda
   1 SNP
   1 Saint-Aunès
  11 Saint-Denis
   6 Saint-Étienne
   2 Saint-Étienne-du-Rouvray
   1 Saint-Hubert
   1 Saint-Jérôme
   2 Saint-Lô
   1 Saint-Marin
   1 Saint-Martin
   1 Saint-Office
   1 Saint-Ouen
   9 Saint-Raphaël
   1 Sainte-Flaive-des-Loups
   1 Sainte-Maire
   2 Sainte-Marie
   1 Salez
   1 Salez-Sennwald
   1 Salta
   1 Salvador
   1 Samarcande
   1 San
   1 Sanssac-lՃglise
   1 Santa
   1 Sao
   9 Saran
   2 Sarran
   3 Saskatchewan
   2 Saturne
   1 Sault-Sainte-Marie
   1 Saumur
  16 Savoie
   1 Seattle
   1 Seine
   3 Seine-Maritime
   4 Seine-Saint-Denis
   1 Seine-et-Marne
   3 Sélestat
   2 Semnan
   1 Sénégal
   2 Séoul
   1 Severnaïa
   3 Sevran
   1 Seyssuel
   1 Seyyar
   1 Sfireh
   1 Shoemaker-Levy
   1 Shuicheng
   2 Sicile
   1 Siduhe
   2 Sierra
   2 Sinaï
   1 Sinjar
   1 Sisco
   5 Slovaquie
   1 Slovénie
   1 Sofia
   1 Sokhné
   1 Solaize
   1 Soldeu
  11 Soleil
   8 Somalie
   2 Sotchi
   1 Soudan
   1 Soulor
   1 Sourdough
   2 Spen
   1 Sri
   1 St.
   1 Stade
   6 Stockholm
   3 Strasbourg
   1 Sucre
   1 Sud-Kivu
  25 Suède
  15 Suisse
   1 Sultanahmet
   1 Surgères
   1 Sydney
  47 Syrie
   2 Système
   1 Tabqa
   1 Tabriz
   1 Tainan
   5 Taïwan
   1 Tall
   2 Tanzanie
   1 Tarbes
   2 Tchad
   1 Tcheliabinsk
   1 Tebessa
   3 Téhéran
   1 Tel
   1 Tennessee
   1 Terceira
  19 Terre
   4 Texas
   1 Thourda
   2 Thuile
   1 Tiyas
   1 Tobrouk
   2 Togo
   1 Tom
   3 Toronto
   1 Toulon
  17 Toulouse
   1 Tours
   1 Tribeca
  34 Turquie
   1 Two
   1 UAE
  18 Ukraine
   2 Univers
   2 Uruguay
   1 Utah
   1 Uttar
   1 Uttaranchal
   1 Uyuni
   1 VSS
   2 Val-de-Marne
   1 Val-de-Seine
   5 Valence
   6 Vallée
   3 Vanuatu
   1 Varois
   1 Vaucluse
   4 Vendée
   6 Vénus
   1 Vermont
   2 Vielha
   1 Vienne-Reventin
   2 Viernheim
   1 Villard
   1 Villars-les-Dombes
   2 Ville-Marie
   6 Villeneuve-d'Ascq
   2 Villers
   1 Villeurbanne
   3 Vincennes
   1 Vorkouta
   1 Vorkoutaougol
   1 Vosges
   2 Washington
   1 Washington,
   1 West
   3 Wilaya
   1 Willow
   1 Wilmington
   3 Wolfsburg
   1 Wonsan
   1 Worth
   2 Xinjiang
   1 Xuanwei
   2 Yellowstone
   1 Yémen
   3 Yokohama
   5 Yvelines
   1 Zabdiyé
   2 Zaventem
   1 Zeltveg
   1 Ziban
   1 Zimná
   1 Zone
   1 Zurich
   1 al-Asriya
  11 al-Bab
   1 auditorium
   1 aulnes
   4 autoroute
   1 boulevard
   1 change.org
   1 commissariat
   1 cote
   1 d'
   3 d'Europe
   1 d'Idleb
   1 départementale
   6 désert
   1 d’Alep
   4 frontière
   2 gare
   2 hadrons
   5 île
   2 l'
   1 l'Irak
   2 mer
   1 mont
   1 palais
  10 place
   1 qu'Istanbul
   1 quartier
   1 route
   1 rue
   1 stade
   2 système
   2 vallée
   1 wilaya
   1 winterbiketoworkday.org
   1 zone
